ID,Price
875_#1,0
875_#2,0
875_#3,0
875_#4,0
875_#5,0
875_#6,0
875_#7,0
875_#8,0
875_#9,0
875_#10,0
875_#11,0
875_#12,0
875_#13,0
875_#14,0
875_#15,0
875_#16,0
875_#17,0
875_#18,0
875_#19,0
875_#20,0
875_#21,0
875_#22,0
875_#23,0
875_#24,0
875_#25,0
875_#26,0
875_#27,0
875_#28,0
875_#29,0
875_#30,0
875_#31,0
875_#32,0
875_#33,0
875_#34,0
875_#35,0
875_#36,0
875_#37,0
875_#38,0
875_#39,0
875_#40,0
875_#41,0
875_#42,0
875_#43,0
875_#44,0
875_#45,0
875_#46,0
875_#47,0
875_#48,0
875_#49,0
875_#50,0
875_#51,0
875_#52,0
875_#53,0
875_#54,0
875_#55,0
875_#56,0
875_#57,0
875_#58,0
875_#59,0
875_#60,0
875_#61,0
875_#62,0
875_#63,0
875_#64,0
875_#65,0
875_#66,0
875_#67,0
875_#68,0
875_#69,0
875_#70,0
875_#71,0
875_#72,0
875_#73,0
875_#74,0
875_#75,0
875_#76,0
875_#77,0
875_#78,0
875_#79,0
875_#80,0
875_#81,0
875_#82,0
875_#83,0
875_#84,0
875_#85,0
875_#86,0
875_#87,0
875_#88,0
875_#89,0
875_#90,0
875_#91,0
875_#92,0
875_#93,0
875_#94,0
875_#95,0
875_#96,0
875_#97,0
875_#98,0
875_#99,0
875_#100,0
234_#1,0
234_#2,0
234_#3,0
234_#4,0
234_#5,0
234_#6,0
234_#7,0
234_#8,0
234_#9,0
234_#10,0
234_#11,0
234_#12,0
234_#13,0
234_#14,0
234_#15,0
234_#16,0
234_#17,0
234_#18,0
234_#19,0
234_#20,0
234_#21,0
234_#22,0
234_#23,0
234_#24,0
234_#25,0
234_#26,0
234_#27,0
234_#28,0
234_#29,0
234_#30,0
234_#31,0
234_#32,0
234_#33,0
234_#34,0
234_#35,0
234_#36,0
234_#37,0
234_#38,0
234_#39,0
234_#40,0
234_#41,0
234_#42,0
234_#43,0
234_#44,0
234_#45,0
234_#46,0
234_#47,0
234_#48,0
234_#49,0
234_#50,0
234_#51,0
234_#52,0
234_#53,0
234_#54,0
234_#55,0
234_#56,0
234_#57,0
234_#58,0
234_#59,0
234_#60,0
234_#61,0
234_#62,0
234_#63,0
234_#64,0
234_#65,0
234_#66,0
234_#67,0
234_#68,0
234_#69,0
234_#70,0
234_#71,0
234_#72,0
234_#73,0
234_#74,0
234_#75,0
234_#76,0
234_#77,0
234_#78,0
234_#79,0
234_#80,0
234_#81,0
234_#82,0
234_#83,0
234_#84,0
234_#85,0
234_#86,0
234_#87,0
234_#88,0
234_#89,0
234_#90,0
234_#91,0
234_#92,0
234_#93,0
234_#94,0
234_#95,0
234_#96,0
234_#97,0
234_#98,0
234_#99,0
234_#100,0
702_#1,0
702_#2,0
702_#3,0
702_#4,0
702_#5,0
702_#6,0
702_#7,0
702_#8,0
702_#9,0
702_#10,0
702_#11,0
702_#12,0
702_#13,0
702_#14,0
702_#15,0
702_#16,0
702_#17,0
702_#18,0
702_#19,0
702_#20,0
702_#21,0
702_#22,0
702_#23,0
702_#24,0
702_#25,0
702_#26,0
702_#27,0
702_#28,0
702_#29,0
702_#30,0
702_#31,0
702_#32,0
702_#33,0
702_#34,0
702_#35,0
702_#36,0
702_#37,0
702_#38,0
702_#39,0
702_#40,0
702_#41,0
702_#42,0
702_#43,0
702_#44,0
702_#45,0
702_#46,0
702_#47,0
702_#48,0
702_#49,0
702_#50,0
702_#51,0
702_#52,0
702_#53,0
702_#54,0
702_#55,0
702_#56,0
702_#57,0
702_#58,0
702_#59,0
702_#60,0
702_#61,0
702_#62,0
702_#63,0
702_#64,0
702_#65,0
702_#66,0
702_#67,0
702_#68,0
702_#69,0
702_#70,0
702_#71,0
702_#72,0
702_#73,0
702_#74,0
702_#75,0
702_#76,0
702_#77,0
702_#78,0
702_#79,0
702_#80,0
702_#81,0
702_#82,0
702_#83,0
702_#84,0
702_#85,0
702_#86,0
702_#87,0
702_#88,0
702_#89,0
702_#90,0
702_#91,0
702_#92,0
702_#93,0
702_#94,0
702_#95,0
702_#96,0
702_#97,0
702_#98,0
702_#99,0
702_#100,0
495_#1,0
495_#2,0
495_#3,0
495_#4,0
495_#5,0
495_#6,0
495_#7,0
495_#8,0
495_#9,0
495_#10,0
495_#11,0
495_#12,0
495_#13,0
495_#14,0
495_#15,0
495_#16,0
495_#17,0
495_#18,0
495_#19,0
495_#20,0
495_#21,0
495_#22,0
495_#23,0
495_#24,0
495_#25,0
495_#26,0
495_#27,0
495_#28,0
495_#29,0
495_#30,0
495_#31,0
495_#32,0
495_#33,0
495_#34,0
495_#35,0
495_#36,0
495_#37,0
495_#38,0
495_#39,0
495_#40,0
495_#41,0
495_#42,0
495_#43,0
495_#44,0
495_#45,0
495_#46,0
495_#47,0
495_#48,0
495_#49,0
495_#50,0
495_#51,0
495_#52,0
495_#53,0
495_#54,0
495_#55,0
495_#56,0
495_#57,0
495_#58,0
495_#59,0
495_#60,0
495_#61,0
495_#62,0
495_#63,0
495_#64,0
495_#65,0
495_#66,0
495_#67,0
495_#68,0
495_#69,0
495_#70,0
495_#71,0
495_#72,0
495_#73,0
495_#74,0
495_#75,0
495_#76,0
495_#77,0
495_#78,0
495_#79,0
495_#80,0
495_#81,0
495_#82,0
495_#83,0
495_#84,0
495_#85,0
495_#86,0
495_#87,0
495_#88,0
495_#89,0
495_#90,0
495_#91,0
495_#92,0
495_#93,0
495_#94,0
495_#95,0
495_#96,0
495_#97,0
495_#98,0
495_#99,0
495_#100,0
070_#1,0
070_#2,0
070_#3,0
070_#4,0
070_#5,0
070_#6,0
070_#7,0
070_#8,0
070_#9,0
070_#10,0
070_#11,0
070_#12,0
070_#13,0
070_#14,0
070_#15,0
070_#16,0
070_#17,0
070_#18,0
070_#19,0
070_#20,0
070_#21,0
070_#22,0
070_#23,0
070_#24,0
070_#25,0
070_#26,0
070_#27,0
070_#28,0
070_#29,0
070_#30,0
070_#31,0
070_#32,0
070_#33,0
070_#34,0
070_#35,0
070_#36,0
070_#37,0
070_#38,0
070_#39,0
070_#40,0
070_#41,0
070_#42,0
070_#43,0
070_#44,0
070_#45,0
070_#46,0
070_#47,0
070_#48,0
070_#49,0
070_#50,0
070_#51,0
070_#52,0
070_#53,0
070_#54,0
070_#55,0
070_#56,0
070_#57,0
070_#58,0
070_#59,0
070_#60,0
070_#61,0
070_#62,0
070_#63,0
070_#64,0
070_#65,0
070_#66,0
070_#67,0
070_#68,0
070_#69,0
070_#70,0
070_#71,0
070_#72,0
070_#73,0
070_#74,0
070_#75,0
070_#76,0
070_#77,0
070_#78,0
070_#79,0
070_#80,0
070_#81,0
070_#82,0
070_#83,0
070_#84,0
070_#85,0
070_#86,0
070_#87,0
070_#88,0
070_#89,0
070_#90,0
070_#91,0
070_#92,0
070_#93,0
070_#94,0
070_#95,0
070_#96,0
070_#97,0
070_#98,0
070_#99,0
070_#100,0
665_#1,0
665_#2,0
665_#3,0
665_#4,0
665_#5,0
665_#6,0
665_#7,0
665_#8,0
665_#9,0
665_#10,0
665_#11,0
665_#12,0
665_#13,0
665_#14,0
665_#15,0
665_#16,0
665_#17,0
665_#18,0
665_#19,0
665_#20,0
665_#21,0
665_#22,0
665_#23,0
665_#24,0
665_#25,0
665_#26,0
665_#27,0
665_#28,0
665_#29,0
665_#30,0
665_#31,0
665_#32,0
665_#33,0
665_#34,0
665_#35,0
665_#36,0
665_#37,0
665_#38,0
665_#39,0
665_#40,0
665_#41,0
665_#42,0
665_#43,0
665_#44,0
665_#45,0
665_#46,0
665_#47,0
665_#48,0
665_#49,0
665_#50,0
665_#51,0
665_#52,0
665_#53,0
665_#54,0
665_#55,0
665_#56,0
665_#57,0
665_#58,0
665_#59,0
665_#60,0
665_#61,0
665_#62,0
665_#63,0
665_#64,0
665_#65,0
665_#66,0
665_#67,0
665_#68,0
665_#69,0
665_#70,0
665_#71,0
665_#72,0
665_#73,0
665_#74,0
665_#75,0
665_#76,0
665_#77,0
665_#78,0
665_#79,0
665_#80,0
665_#81,0
665_#82,0
665_#83,0
665_#84,0
665_#85,0
665_#86,0
665_#87,0
665_#88,0
665_#89,0
665_#90,0
665_#91,0
665_#92,0
665_#93,0
665_#94,0
665_#95,0
665_#96,0
665_#97,0
665_#98,0
665_#99,0
665_#100,0
274_#1,0
274_#2,0
274_#3,0
274_#4,0
274_#5,0
274_#6,0
274_#7,0
274_#8,0
274_#9,0
274_#10,0
274_#11,0
274_#12,0
274_#13,0
274_#14,0
274_#15,0
274_#16,0
274_#17,0
274_#18,0
274_#19,0
274_#20,0
274_#21,0
274_#22,0
274_#23,0
274_#24,0
274_#25,0
274_#26,0
274_#27,0
274_#28,0
274_#29,0
274_#30,0
274_#31,0
274_#32,0
274_#33,0
274_#34,0
274_#35,0
274_#36,0
274_#37,0
274_#38,0
274_#39,0
274_#40,0
274_#41,0
274_#42,0
274_#43,0
274_#44,0
274_#45,0
274_#46,0
274_#47,0
274_#48,0
274_#49,0
274_#50,0
274_#51,0
274_#52,0
274_#53,0
274_#54,0
274_#55,0
274_#56,0
274_#57,0
274_#58,0
274_#59,0
274_#60,0
274_#61,0
274_#62,0
274_#63,0
274_#64,0
274_#65,0
274_#66,0
274_#67,0
274_#68,0
274_#69,0
274_#70,0
274_#71,0
274_#72,0
274_#73,0
274_#74,0
274_#75,0
274_#76,0
274_#77,0
274_#78,0
274_#79,0
274_#80,0
274_#81,0
274_#82,0
274_#83,0
274_#84,0
274_#85,0
274_#86,0
274_#87,0
274_#88,0
274_#89,0
274_#90,0
274_#91,0
274_#92,0
274_#93,0
274_#94,0
274_#95,0
274_#96,0
274_#97,0
274_#98,0
274_#99,0
274_#100,0
064_#1,0
064_#2,0
064_#3,0
064_#4,0
064_#5,0
064_#6,0
064_#7,0
064_#8,0
064_#9,0
064_#10,0
064_#11,0
064_#12,0
064_#13,0
064_#14,0
064_#15,0
064_#16,0
064_#17,0
064_#18,0
064_#19,0
064_#20,0
064_#21,0
064_#22,0
064_#23,0
064_#24,0
064_#25,0
064_#26,0
064_#27,0
064_#28,0
064_#29,0
064_#30,0
064_#31,0
064_#32,0
064_#33,0
064_#34,0
064_#35,0
064_#36,0
064_#37,0
064_#38,0
064_#39,0
064_#40,0
064_#41,0
064_#42,0
064_#43,0
064_#44,0
064_#45,0
064_#46,0
064_#47,0
064_#48,0
064_#49,0
064_#50,0
064_#51,0
064_#52,0
064_#53,0
064_#54,0
064_#55,0
064_#56,0
064_#57,0
064_#58,0
064_#59,0
064_#60,0
064_#61,0
064_#62,0
064_#63,0
064_#64,0
064_#65,0
064_#66,0
064_#67,0
064_#68,0
064_#69,0
064_#70,0
064_#71,0
064_#72,0
064_#73,0
064_#74,0
064_#75,0
064_#76,0
064_#77,0
064_#78,0
064_#79,0
064_#80,0
064_#81,0
064_#82,0
064_#83,0
064_#84,0
064_#85,0
064_#86,0
064_#87,0
064_#88,0
064_#89,0
064_#90,0
064_#91,0
064_#92,0
064_#93,0
064_#94,0
064_#95,0
064_#96,0
064_#97,0
064_#98,0
064_#99,0
064_#100,0
804_#1,0
804_#2,0
804_#3,0
804_#4,0
804_#5,0
804_#6,0
804_#7,0
804_#8,0
804_#9,0
804_#10,0
804_#11,0
804_#12,0
804_#13,0
804_#14,0
804_#15,0
804_#16,0
804_#17,0
804_#18,0
804_#19,0
804_#20,0
804_#21,0
804_#22,0
804_#23,0
804_#24,0
804_#25,0
804_#26,0
804_#27,0
804_#28,0
804_#29,0
804_#30,0
804_#31,0
804_#32,0
804_#33,0
804_#34,0
804_#35,0
804_#36,0
804_#37,0
804_#38,0
804_#39,0
804_#40,0
804_#41,0
804_#42,0
804_#43,0
804_#44,0
804_#45,0
804_#46,0
804_#47,0
804_#48,0
804_#49,0
804_#50,0
804_#51,0
804_#52,0
804_#53,0
804_#54,0
804_#55,0
804_#56,0
804_#57,0
804_#58,0
804_#59,0
804_#60,0
804_#61,0
804_#62,0
804_#63,0
804_#64,0
804_#65,0
804_#66,0
804_#67,0
804_#68,0
804_#69,0
804_#70,0
804_#71,0
804_#72,0
804_#73,0
804_#74,0
804_#75,0
804_#76,0
804_#77,0
804_#78,0
804_#79,0
804_#80,0
804_#81,0
804_#82,0
804_#83,0
804_#84,0
804_#85,0
804_#86,0
804_#87,0
804_#88,0
804_#89,0
804_#90,0
804_#91,0
804_#92,0
804_#93,0
804_#94,0
804_#95,0
804_#96,0
804_#97,0
804_#98,0
804_#99,0
804_#100,0
319_#1,0
319_#2,0
319_#3,0
319_#4,0
319_#5,0
319_#6,0
319_#7,0
319_#8,0
319_#9,0
319_#10,0
319_#11,0
319_#12,0
319_#13,0
319_#14,0
319_#15,0
319_#16,0
319_#17,0
319_#18,0
319_#19,0
319_#20,0
319_#21,0
319_#22,0
319_#23,0
319_#24,0
319_#25,0
319_#26,0
319_#27,0
319_#28,0
319_#29,0
319_#30,0
319_#31,0
319_#32,0
319_#33,0
319_#34,0
319_#35,0
319_#36,0
319_#37,0
319_#38,0
319_#39,0
319_#40,0
319_#41,0
319_#42,0
319_#43,0
319_#44,0
319_#45,0
319_#46,0
319_#47,0
319_#48,0
319_#49,0
319_#50,0
319_#51,0
319_#52,0
319_#53,0
319_#54,0
319_#55,0
319_#56,0
319_#57,0
319_#58,0
319_#59,0
319_#60,0
319_#61,0
319_#62,0
319_#63,0
319_#64,0
319_#65,0
319_#66,0
319_#67,0
319_#68,0
319_#69,0
319_#70,0
319_#71,0
319_#72,0
319_#73,0
319_#74,0
319_#75,0
319_#76,0
319_#77,0
319_#78,0
319_#79,0
319_#80,0
319_#81,0
319_#82,0
319_#83,0
319_#84,0
319_#85,0
319_#86,0
319_#87,0
319_#88,0
319_#89,0
319_#90,0
319_#91,0
319_#92,0
319_#93,0
319_#94,0
319_#95,0
319_#96,0
319_#97,0
319_#98,0
319_#99,0
319_#100,0
528_#1,0
528_#2,0
528_#3,0
528_#4,0
528_#5,0
528_#6,0
528_#7,0
528_#8,0
528_#9,0
528_#10,0
528_#11,0
528_#12,0
528_#13,0
528_#14,0
528_#15,0
528_#16,0
528_#17,0
528_#18,0
528_#19,0
528_#20,0
528_#21,0
528_#22,0
528_#23,0
528_#24,0
528_#25,0
528_#26,0
528_#27,0
528_#28,0
528_#29,0
528_#30,0
528_#31,0
528_#32,0
528_#33,0
528_#34,0
528_#35,0
528_#36,0
528_#37,0
528_#38,0
528_#39,0
528_#40,0
528_#41,0
528_#42,0
528_#43,0
528_#44,0
528_#45,0
528_#46,0
528_#47,0
528_#48,0
528_#49,0
528_#50,0
528_#51,0
528_#52,0
528_#53,0
528_#54,0
528_#55,0
528_#56,0
528_#57,0
528_#58,0
528_#59,0
528_#60,0
528_#61,0
528_#62,0
528_#63,0
528_#64,0
528_#65,0
528_#66,0
528_#67,0
528_#68,0
528_#69,0
528_#70,0
528_#71,0
528_#72,0
528_#73,0
528_#74,0
528_#75,0
528_#76,0
528_#77,0
528_#78,0
528_#79,0
528_#80,0
528_#81,0
528_#82,0
528_#83,0
528_#84,0
528_#85,0
528_#86,0
528_#87,0
528_#88,0
528_#89,0
528_#90,0
528_#91,0
528_#92,0
528_#93,0
528_#94,0
528_#95,0
528_#96,0
528_#97,0
528_#98,0
528_#99,0
528_#100,0
226_#1,0
226_#2,0
226_#3,0
226_#4,0
226_#5,0
226_#6,0
226_#7,0
226_#8,0
226_#9,0
226_#10,0
226_#11,0
226_#12,0
226_#13,0
226_#14,0
226_#15,0
226_#16,0
226_#17,0
226_#18,0
226_#19,0
226_#20,0
226_#21,0
226_#22,0
226_#23,0
226_#24,0
226_#25,0
226_#26,0
226_#27,0
226_#28,0
226_#29,0
226_#30,0
226_#31,0
226_#32,0
226_#33,0
226_#34,0
226_#35,0
226_#36,0
226_#37,0
226_#38,0
226_#39,0
226_#40,0
226_#41,0
226_#42,0
226_#43,0
226_#44,0
226_#45,0
226_#46,0
226_#47,0
226_#48,0
226_#49,0
226_#50,0
226_#51,0
226_#52,0
226_#53,0
226_#54,0
226_#55,0
226_#56,0
226_#57,0
226_#58,0
226_#59,0
226_#60,0
226_#61,0
226_#62,0
226_#63,0
226_#64,0
226_#65,0
226_#66,0
226_#67,0
226_#68,0
226_#69,0
226_#70,0
226_#71,0
226_#72,0
226_#73,0
226_#74,0
226_#75,0
226_#76,0
226_#77,0
226_#78,0
226_#79,0
226_#80,0
226_#81,0
226_#82,0
226_#83,0
226_#84,0
226_#85,0
226_#86,0
226_#87,0
226_#88,0
226_#89,0
226_#90,0
226_#91,0
226_#92,0
226_#93,0
226_#94,0
226_#95,0
226_#96,0
226_#97,0
226_#98,0
226_#99,0
226_#100,0
168_#1,0
168_#2,0
168_#3,0
168_#4,0
168_#5,0
168_#6,0
168_#7,0
168_#8,0
168_#9,0
168_#10,0
168_#11,0
168_#12,0
168_#13,0
168_#14,0
168_#15,0
168_#16,0
168_#17,0
168_#18,0
168_#19,0
168_#20,0
168_#21,0
168_#22,0
168_#23,0
168_#24,0
168_#25,0
168_#26,0
168_#27,0
168_#28,0
168_#29,0
168_#30,0
168_#31,0
168_#32,0
168_#33,0
168_#34,0
168_#35,0
168_#36,0
168_#37,0
168_#38,0
168_#39,0
168_#40,0
168_#41,0
168_#42,0
168_#43,0
168_#44,0
168_#45,0
168_#46,0
168_#47,0
168_#48,0
168_#49,0
168_#50,0
168_#51,0
168_#52,0
168_#53,0
168_#54,0
168_#55,0
168_#56,0
168_#57,0
168_#58,0
168_#59,0
168_#60,0
168_#61,0
168_#62,0
168_#63,0
168_#64,0
168_#65,0
168_#66,0
168_#67,0
168_#68,0
168_#69,0
168_#70,0
168_#71,0
168_#72,0
168_#73,0
168_#74,0
168_#75,0
168_#76,0
168_#77,0
168_#78,0
168_#79,0
168_#80,0
168_#81,0
168_#82,0
168_#83,0
168_#84,0
168_#85,0
168_#86,0
168_#87,0
168_#88,0
168_#89,0
168_#90,0
168_#91,0
168_#92,0
168_#93,0
168_#94,0
168_#95,0
168_#96,0
168_#97,0
168_#98,0
168_#99,0
168_#100,0
542_#1,0
542_#2,0
542_#3,0
542_#4,0
542_#5,0
542_#6,0
542_#7,0
542_#8,0
542_#9,0
542_#10,0
542_#11,0
542_#12,0
542_#13,0
542_#14,0
542_#15,0
542_#16,0
542_#17,0
542_#18,0
542_#19,0
542_#20,0
542_#21,0
542_#22,0
542_#23,0
542_#24,0
542_#25,0
542_#26,0
542_#27,0
542_#28,0
542_#29,0
542_#30,0
542_#31,0
542_#32,0
542_#33,0
542_#34,0
542_#35,0
542_#36,0
542_#37,0
542_#38,0
542_#39,0
542_#40,0
542_#41,0
542_#42,0
542_#43,0
542_#44,0
542_#45,0
542_#46,0
542_#47,0
542_#48,0
542_#49,0
542_#50,0
542_#51,0
542_#52,0
542_#53,0
542_#54,0
542_#55,0
542_#56,0
542_#57,0
542_#58,0
542_#59,0
542_#60,0
542_#61,0
542_#62,0
542_#63,0
542_#64,0
542_#65,0
542_#66,0
542_#67,0
542_#68,0
542_#69,0
542_#70,0
542_#71,0
542_#72,0
542_#73,0
542_#74,0
542_#75,0
542_#76,0
542_#77,0
542_#78,0
542_#79,0
542_#80,0
542_#81,0
542_#82,0
542_#83,0
542_#84,0
542_#85,0
542_#86,0
542_#87,0
542_#88,0
542_#89,0
542_#90,0
542_#91,0
542_#92,0
542_#93,0
542_#94,0
542_#95,0
542_#96,0
542_#97,0
542_#98,0
542_#99,0
542_#100,0
577_#1,0
577_#2,0
577_#3,0
577_#4,0
577_#5,0
577_#6,0
577_#7,0
577_#8,0
577_#9,0
577_#10,0
577_#11,0
577_#12,0
577_#13,0
577_#14,0
577_#15,0
577_#16,0
577_#17,0
577_#18,0
577_#19,0
577_#20,0
577_#21,0
577_#22,0
577_#23,0
577_#24,0
577_#25,0
577_#26,0
577_#27,0
577_#28,0
577_#29,0
577_#30,0
577_#31,0
577_#32,0
577_#33,0
577_#34,0
577_#35,0
577_#36,0
577_#37,0
577_#38,0
577_#39,0
577_#40,0
577_#41,0
577_#42,0
577_#43,0
577_#44,0
577_#45,0
577_#46,0
577_#47,0
577_#48,0
577_#49,0
577_#50,0
577_#51,0
577_#52,0
577_#53,0
577_#54,0
577_#55,0
577_#56,0
577_#57,0
577_#58,0
577_#59,0
577_#60,0
577_#61,0
577_#62,0
577_#63,0
577_#64,0
577_#65,0
577_#66,0
577_#67,0
577_#68,0
577_#69,0
577_#70,0
577_#71,0
577_#72,0
577_#73,0
577_#74,0
577_#75,0
577_#76,0
577_#77,0
577_#78,0
577_#79,0
577_#80,0
577_#81,0
577_#82,0
577_#83,0
577_#84,0
577_#85,0
577_#86,0
577_#87,0
577_#88,0
577_#89,0
577_#90,0
577_#91,0
577_#92,0
577_#93,0
577_#94,0
577_#95,0
577_#96,0
577_#97,0
577_#98,0
577_#99,0
577_#100,0
640_#1,0
640_#2,0
640_#3,0
640_#4,0
640_#5,0
640_#6,0
640_#7,0
640_#8,0
640_#9,0
640_#10,0
640_#11,0
640_#12,0
640_#13,0
640_#14,0
640_#15,0
640_#16,0
640_#17,0
640_#18,0
640_#19,0
640_#20,0
640_#21,0
640_#22,0
640_#23,0
640_#24,0
640_#25,0
640_#26,0
640_#27,0
640_#28,0
640_#29,0
640_#30,0
640_#31,0
640_#32,0
640_#33,0
640_#34,0
640_#35,0
640_#36,0
640_#37,0
640_#38,0
640_#39,0
640_#40,0
640_#41,0
640_#42,0
640_#43,0
640_#44,0
640_#45,0
640_#46,0
640_#47,0
640_#48,0
640_#49,0
640_#50,0
640_#51,0
640_#52,0
640_#53,0
640_#54,0
640_#55,0
640_#56,0
640_#57,0
640_#58,0
640_#59,0
640_#60,0
640_#61,0
640_#62,0
640_#63,0
640_#64,0
640_#65,0
640_#66,0
640_#67,0
640_#68,0
640_#69,0
640_#70,0
640_#71,0
640_#72,0
640_#73,0
640_#74,0
640_#75,0
640_#76,0
640_#77,0
640_#78,0
640_#79,0
640_#80,0
640_#81,0
640_#82,0
640_#83,0
640_#84,0
640_#85,0
640_#86,0
640_#87,0
640_#88,0
640_#89,0
640_#90,0
640_#91,0
640_#92,0
640_#93,0
640_#94,0
640_#95,0
640_#96,0
640_#97,0
640_#98,0
640_#99,0
640_#100,0
484_#1,0
484_#2,0
484_#3,0
484_#4,0
484_#5,0
484_#6,0
484_#7,0
484_#8,0
484_#9,0
484_#10,0
484_#11,0
484_#12,0
484_#13,0
484_#14,0
484_#15,0
484_#16,0
484_#17,0
484_#18,0
484_#19,0
484_#20,0
484_#21,0
484_#22,0
484_#23,0
484_#24,0
484_#25,0
484_#26,0
484_#27,0
484_#28,0
484_#29,0
484_#30,0
484_#31,0
484_#32,0
484_#33,0
484_#34,0
484_#35,0
484_#36,0
484_#37,0
484_#38,0
484_#39,0
484_#40,0
484_#41,0
484_#42,0
484_#43,0
484_#44,0
484_#45,0
484_#46,0
484_#47,0
484_#48,0
484_#49,0
484_#50,0
484_#51,0
484_#52,0
484_#53,0
484_#54,0
484_#55,0
484_#56,0
484_#57,0
484_#58,0
484_#59,0
484_#60,0
484_#61,0
484_#62,0
484_#63,0
484_#64,0
484_#65,0
484_#66,0
484_#67,0
484_#68,0
484_#69,0
484_#70,0
484_#71,0
484_#72,0
484_#73,0
484_#74,0
484_#75,0
484_#76,0
484_#77,0
484_#78,0
484_#79,0
484_#80,0
484_#81,0
484_#82,0
484_#83,0
484_#84,0
484_#85,0
484_#86,0
484_#87,0
484_#88,0
484_#89,0
484_#90,0
484_#91,0
484_#92,0
484_#93,0
484_#94,0
484_#95,0
484_#96,0
484_#97,0
484_#98,0
484_#99,0
484_#100,0
376_#1,0
376_#2,0
376_#3,0
376_#4,0
376_#5,0
376_#6,0
376_#7,0
376_#8,0
376_#9,0
376_#10,0
376_#11,0
376_#12,0
376_#13,0
376_#14,0
376_#15,0
376_#16,0
376_#17,0
376_#18,0
376_#19,0
376_#20,0
376_#21,0
376_#22,0
376_#23,0
376_#24,0
376_#25,0
376_#26,0
376_#27,0
376_#28,0
376_#29,0
376_#30,0
376_#31,0
376_#32,0
376_#33,0
376_#34,0
376_#35,0
376_#36,0
376_#37,0
376_#38,0
376_#39,0
376_#40,0
376_#41,0
376_#42,0
376_#43,0
376_#44,0
376_#45,0
376_#46,0
376_#47,0
376_#48,0
376_#49,0
376_#50,0
376_#51,0
376_#52,0
376_#53,0
376_#54,0
376_#55,0
376_#56,0
376_#57,0
376_#58,0
376_#59,0
376_#60,0
376_#61,0
376_#62,0
376_#63,0
376_#64,0
376_#65,0
376_#66,0
376_#67,0
376_#68,0
376_#69,0
376_#70,0
376_#71,0
376_#72,0
376_#73,0
376_#74,0
376_#75,0
376_#76,0
376_#77,0
376_#78,0
376_#79,0
376_#80,0
376_#81,0
376_#82,0
376_#83,0
376_#84,0
376_#85,0
376_#86,0
376_#87,0
376_#88,0
376_#89,0
376_#90,0
376_#91,0
376_#92,0
376_#93,0
376_#94,0
376_#95,0
376_#96,0
376_#97,0
376_#98,0
376_#99,0
376_#100,0
791_#1,0
791_#2,0
791_#3,0
791_#4,0
791_#5,0
791_#6,0
791_#7,0
791_#8,0
791_#9,0
791_#10,0
791_#11,0
791_#12,0
791_#13,0
791_#14,0
791_#15,0
791_#16,0
791_#17,0
791_#18,0
791_#19,0
791_#20,0
791_#21,0
791_#22,0
791_#23,0
791_#24,0
791_#25,0
791_#26,0
791_#27,0
791_#28,0
791_#29,0
791_#30,0
791_#31,0
791_#32,0
791_#33,0
791_#34,0
791_#35,0
791_#36,0
791_#37,0
791_#38,0
791_#39,0
791_#40,0
791_#41,0
791_#42,0
791_#43,0
791_#44,0
791_#45,0
791_#46,0
791_#47,0
791_#48,0
791_#49,0
791_#50,0
791_#51,0
791_#52,0
791_#53,0
791_#54,0
791_#55,0
791_#56,0
791_#57,0
791_#58,0
791_#59,0
791_#60,0
791_#61,0
791_#62,0
791_#63,0
791_#64,0
791_#65,0
791_#66,0
791_#67,0
791_#68,0
791_#69,0
791_#70,0
791_#71,0
791_#72,0
791_#73,0
791_#74,0
791_#75,0
791_#76,0
791_#77,0
791_#78,0
791_#79,0
791_#80,0
791_#81,0
791_#82,0
791_#83,0
791_#84,0
791_#85,0
791_#86,0
791_#87,0
791_#88,0
791_#89,0
791_#90,0
791_#91,0
791_#92,0
791_#93,0
791_#94,0
791_#95,0
791_#96,0
791_#97,0
791_#98,0
791_#99,0
791_#100,0
387_#1,0
387_#2,0
387_#3,0
387_#4,0
387_#5,0
387_#6,0
387_#7,0
387_#8,0
387_#9,0
387_#10,0
387_#11,0
387_#12,0
387_#13,0
387_#14,0
387_#15,0
387_#16,0
387_#17,0
387_#18,0
387_#19,0
387_#20,0
387_#21,0
387_#22,0
387_#23,0
387_#24,0
387_#25,0
387_#26,0
387_#27,0
387_#28,0
387_#29,0
387_#30,0
387_#31,0
387_#32,0
387_#33,0
387_#34,0
387_#35,0
387_#36,0
387_#37,0
387_#38,0
387_#39,0
387_#40,0
387_#41,0
387_#42,0
387_#43,0
387_#44,0
387_#45,0
387_#46,0
387_#47,0
387_#48,0
387_#49,0
387_#50,0
387_#51,0
387_#52,0
387_#53,0
387_#54,0
387_#55,0
387_#56,0
387_#57,0
387_#58,0
387_#59,0
387_#60,0
387_#61,0
387_#62,0
387_#63,0
387_#64,0
387_#65,0
387_#66,0
387_#67,0
387_#68,0
387_#69,0
387_#70,0
387_#71,0
387_#72,0
387_#73,0
387_#74,0
387_#75,0
387_#76,0
387_#77,0
387_#78,0
387_#79,0
387_#80,0
387_#81,0
387_#82,0
387_#83,0
387_#84,0
387_#85,0
387_#86,0
387_#87,0
387_#88,0
387_#89,0
387_#90,0
387_#91,0
387_#92,0
387_#93,0
387_#94,0
387_#95,0
387_#96,0
387_#97,0
387_#98,0
387_#99,0
387_#100,0
473_#1,0
473_#2,0
473_#3,0
473_#4,0
473_#5,0
473_#6,0
473_#7,0
473_#8,0
473_#9,0
473_#10,0
473_#11,0
473_#12,0
473_#13,0
473_#14,0
473_#15,0
473_#16,0
473_#17,0
473_#18,0
473_#19,0
473_#20,0
473_#21,0
473_#22,0
473_#23,0
473_#24,0
473_#25,0
473_#26,0
473_#27,0
473_#28,0
473_#29,0
473_#30,0
473_#31,0
473_#32,0
473_#33,0
473_#34,0
473_#35,0
473_#36,0
473_#37,0
473_#38,0
473_#39,0
473_#40,0
473_#41,0
473_#42,0
473_#43,0
473_#44,0
473_#45,0
473_#46,0
473_#47,0
473_#48,0
473_#49,0
473_#50,0
473_#51,0
473_#52,0
473_#53,0
473_#54,0
473_#55,0
473_#56,0
473_#57,0
473_#58,0
473_#59,0
473_#60,0
473_#61,0
473_#62,0
473_#63,0
473_#64,0
473_#65,0
473_#66,0
473_#67,0
473_#68,0
473_#69,0
473_#70,0
473_#71,0
473_#72,0
473_#73,0
473_#74,0
473_#75,0
473_#76,0
473_#77,0
473_#78,0
473_#79,0
473_#80,0
473_#81,0
473_#82,0
473_#83,0
473_#84,0
473_#85,0
473_#86,0
473_#87,0
473_#88,0
473_#89,0
473_#90,0
473_#91,0
473_#92,0
473_#93,0
473_#94,0
473_#95,0
473_#96,0
473_#97,0
473_#98,0
473_#99,0
473_#100,0
552_#1,0
552_#2,0
552_#3,0
552_#4,0
552_#5,0
552_#6,0
552_#7,0
552_#8,0
552_#9,0
552_#10,0
552_#11,0
552_#12,0
552_#13,0
552_#14,0
552_#15,0
552_#16,0
552_#17,0
552_#18,0
552_#19,0
552_#20,0
552_#21,0
552_#22,0
552_#23,0
552_#24,0
552_#25,0
552_#26,0
552_#27,0
552_#28,0
552_#29,0
552_#30,0
552_#31,0
552_#32,0
552_#33,0
552_#34,0
552_#35,0
552_#36,0
552_#37,0
552_#38,0
552_#39,0
552_#40,0
552_#41,0
552_#42,0
552_#43,0
552_#44,0
552_#45,0
552_#46,0
552_#47,0
552_#48,0
552_#49,0
552_#50,0
552_#51,0
552_#52,0
552_#53,0
552_#54,0
552_#55,0
552_#56,0
552_#57,0
552_#58,0
552_#59,0
552_#60,0
552_#61,0
552_#62,0
552_#63,0
552_#64,0
552_#65,0
552_#66,0
552_#67,0
552_#68,0
552_#69,0
552_#70,0
552_#71,0
552_#72,0
552_#73,0
552_#74,0
552_#75,0
552_#76,0
552_#77,0
552_#78,0
552_#79,0
552_#80,0
552_#81,0
552_#82,0
552_#83,0
552_#84,0
552_#85,0
552_#86,0
552_#87,0
552_#88,0
552_#89,0
552_#90,0
552_#91,0
552_#92,0
552_#93,0
552_#94,0
552_#95,0
552_#96,0
552_#97,0
552_#98,0
552_#99,0
552_#100,0
653_#1,0
653_#2,0
653_#3,0
653_#4,0
653_#5,0
653_#6,0
653_#7,0
653_#8,0
653_#9,0
653_#10,0
653_#11,0
653_#12,0
653_#13,0
653_#14,0
653_#15,0
653_#16,0
653_#17,0
653_#18,0
653_#19,0
653_#20,0
653_#21,0
653_#22,0
653_#23,0
653_#24,0
653_#25,0
653_#26,0
653_#27,0
653_#28,0
653_#29,0
653_#30,0
653_#31,0
653_#32,0
653_#33,0
653_#34,0
653_#35,0
653_#36,0
653_#37,0
653_#38,0
653_#39,0
653_#40,0
653_#41,0
653_#42,0
653_#43,0
653_#44,0
653_#45,0
653_#46,0
653_#47,0
653_#48,0
653_#49,0
653_#50,0
653_#51,0
653_#52,0
653_#53,0
653_#54,0
653_#55,0
653_#56,0
653_#57,0
653_#58,0
653_#59,0
653_#60,0
653_#61,0
653_#62,0
653_#63,0
653_#64,0
653_#65,0
653_#66,0
653_#67,0
653_#68,0
653_#69,0
653_#70,0
653_#71,0
653_#72,0
653_#73,0
653_#74,0
653_#75,0
653_#76,0
653_#77,0
653_#78,0
653_#79,0
653_#80,0
653_#81,0
653_#82,0
653_#83,0
653_#84,0
653_#85,0
653_#86,0
653_#87,0
653_#88,0
653_#89,0
653_#90,0
653_#91,0
653_#92,0
653_#93,0
653_#94,0
653_#95,0
653_#96,0
653_#97,0
653_#98,0
653_#99,0
653_#100,0
088_#1,0
088_#2,0
088_#3,0
088_#4,0
088_#5,0
088_#6,0
088_#7,0
088_#8,0
088_#9,0
088_#10,0
088_#11,0
088_#12,0
088_#13,0
088_#14,0
088_#15,0
088_#16,0
088_#17,0
088_#18,0
088_#19,0
088_#20,0
088_#21,0
088_#22,0
088_#23,0
088_#24,0
088_#25,0
088_#26,0
088_#27,0
088_#28,0
088_#29,0
088_#30,0
088_#31,0
088_#32,0
088_#33,0
088_#34,0
088_#35,0
088_#36,0
088_#37,0
088_#38,0
088_#39,0
088_#40,0
088_#41,0
088_#42,0
088_#43,0
088_#44,0
088_#45,0
088_#46,0
088_#47,0
088_#48,0
088_#49,0
088_#50,0
088_#51,0
088_#52,0
088_#53,0
088_#54,0
088_#55,0
088_#56,0
088_#57,0
088_#58,0
088_#59,0
088_#60,0
088_#61,0
088_#62,0
088_#63,0
088_#64,0
088_#65,0
088_#66,0
088_#67,0
088_#68,0
088_#69,0
088_#70,0
088_#71,0
088_#72,0
088_#73,0
088_#74,0
088_#75,0
088_#76,0
088_#77,0
088_#78,0
088_#79,0
088_#80,0
088_#81,0
088_#82,0
088_#83,0
088_#84,0
088_#85,0
088_#86,0
088_#87,0
088_#88,0
088_#89,0
088_#90,0
088_#91,0
088_#92,0
088_#93,0
088_#94,0
088_#95,0
088_#96,0
088_#97,0
088_#98,0
088_#99,0
088_#100,0
355_#1,0
355_#2,0
355_#3,0
355_#4,0
355_#5,0
355_#6,0
355_#7,0
355_#8,0
355_#9,0
355_#10,0
355_#11,0
355_#12,0
355_#13,0
355_#14,0
355_#15,0
355_#16,0
355_#17,0
355_#18,0
355_#19,0
355_#20,0
355_#21,0
355_#22,0
355_#23,0
355_#24,0
355_#25,0
355_#26,0
355_#27,0
355_#28,0
355_#29,0
355_#30,0
355_#31,0
355_#32,0
355_#33,0
355_#34,0
355_#35,0
355_#36,0
355_#37,0
355_#38,0
355_#39,0
355_#40,0
355_#41,0
355_#42,0
355_#43,0
355_#44,0
355_#45,0
355_#46,0
355_#47,0
355_#48,0
355_#49,0
355_#50,0
355_#51,0
355_#52,0
355_#53,0
355_#54,0
355_#55,0
355_#56,0
355_#57,0
355_#58,0
355_#59,0
355_#60,0
355_#61,0
355_#62,0
355_#63,0
355_#64,0
355_#65,0
355_#66,0
355_#67,0
355_#68,0
355_#69,0
355_#70,0
355_#71,0
355_#72,0
355_#73,0
355_#74,0
355_#75,0
355_#76,0
355_#77,0
355_#78,0
355_#79,0
355_#80,0
355_#81,0
355_#82,0
355_#83,0
355_#84,0
355_#85,0
355_#86,0
355_#87,0
355_#88,0
355_#89,0
355_#90,0
355_#91,0
355_#92,0
355_#93,0
355_#94,0
355_#95,0
355_#96,0
355_#97,0
355_#98,0
355_#99,0
355_#100,0
169_#1,0
169_#2,0
169_#3,0
169_#4,0
169_#5,0
169_#6,0
169_#7,0
169_#8,0
169_#9,0
169_#10,0
169_#11,0
169_#12,0
169_#13,0
169_#14,0
169_#15,0
169_#16,0
169_#17,0
169_#18,0
169_#19,0
169_#20,0
169_#21,0
169_#22,0
169_#23,0
169_#24,0
169_#25,0
169_#26,0
169_#27,0
169_#28,0
169_#29,0
169_#30,0
169_#31,0
169_#32,0
169_#33,0
169_#34,0
169_#35,0
169_#36,0
169_#37,0
169_#38,0
169_#39,0
169_#40,0
169_#41,0
169_#42,0
169_#43,0
169_#44,0
169_#45,0
169_#46,0
169_#47,0
169_#48,0
169_#49,0
169_#50,0
169_#51,0
169_#52,0
169_#53,0
169_#54,0
169_#55,0
169_#56,0
169_#57,0
169_#58,0
169_#59,0
169_#60,0
169_#61,0
169_#62,0
169_#63,0
169_#64,0
169_#65,0
169_#66,0
169_#67,0
169_#68,0
169_#69,0
169_#70,0
169_#71,0
169_#72,0
169_#73,0
169_#74,0
169_#75,0
169_#76,0
169_#77,0
169_#78,0
169_#79,0
169_#80,0
169_#81,0
169_#82,0
169_#83,0
169_#84,0
169_#85,0
169_#86,0
169_#87,0
169_#88,0
169_#89,0
169_#90,0
169_#91,0
169_#92,0
169_#93,0
169_#94,0
169_#95,0
169_#96,0
169_#97,0
169_#98,0
169_#99,0
169_#100,0
390_#1,0
390_#2,0
390_#3,0
390_#4,0
390_#5,0
390_#6,0
390_#7,0
390_#8,0
390_#9,0
390_#10,0
390_#11,0
390_#12,0
390_#13,0
390_#14,0
390_#15,0
390_#16,0
390_#17,0
390_#18,0
390_#19,0
390_#20,0
390_#21,0
390_#22,0
390_#23,0
390_#24,0
390_#25,0
390_#26,0
390_#27,0
390_#28,0
390_#29,0
390_#30,0
390_#31,0
390_#32,0
390_#33,0
390_#34,0
390_#35,0
390_#36,0
390_#37,0
390_#38,0
390_#39,0
390_#40,0
390_#41,0
390_#42,0
390_#43,0
390_#44,0
390_#45,0
390_#46,0
390_#47,0
390_#48,0
390_#49,0
390_#50,0
390_#51,0
390_#52,0
390_#53,0
390_#54,0
390_#55,0
390_#56,0
390_#57,0
390_#58,0
390_#59,0
390_#60,0
390_#61,0
390_#62,0
390_#63,0
390_#64,0
390_#65,0
390_#66,0
390_#67,0
390_#68,0
390_#69,0
390_#70,0
390_#71,0
390_#72,0
390_#73,0
390_#74,0
390_#75,0
390_#76,0
390_#77,0
390_#78,0
390_#79,0
390_#80,0
390_#81,0
390_#82,0
390_#83,0
390_#84,0
390_#85,0
390_#86,0
390_#87,0
390_#88,0
390_#89,0
390_#90,0
390_#91,0
390_#92,0
390_#93,0
390_#94,0
390_#95,0
390_#96,0
390_#97,0
390_#98,0
390_#99,0
390_#100,0
592_#1,0
592_#2,0
592_#3,0
592_#4,0
592_#5,0
592_#6,0
592_#7,0
592_#8,0
592_#9,0
592_#10,0
592_#11,0
592_#12,0
592_#13,0
592_#14,0
592_#15,0
592_#16,0
592_#17,0
592_#18,0
592_#19,0
592_#20,0
592_#21,0
592_#22,0
592_#23,0
592_#24,0
592_#25,0
592_#26,0
592_#27,0
592_#28,0
592_#29,0
592_#30,0
592_#31,0
592_#32,0
592_#33,0
592_#34,0
592_#35,0
592_#36,0
592_#37,0
592_#38,0
592_#39,0
592_#40,0
592_#41,0
592_#42,0
592_#43,0
592_#44,0
592_#45,0
592_#46,0
592_#47,0
592_#48,0
592_#49,0
592_#50,0
592_#51,0
592_#52,0
592_#53,0
592_#54,0
592_#55,0
592_#56,0
592_#57,0
592_#58,0
592_#59,0
592_#60,0
592_#61,0
592_#62,0
592_#63,0
592_#64,0
592_#65,0
592_#66,0
592_#67,0
592_#68,0
592_#69,0
592_#70,0
592_#71,0
592_#72,0
592_#73,0
592_#74,0
592_#75,0
592_#76,0
592_#77,0
592_#78,0
592_#79,0
592_#80,0
592_#81,0
592_#82,0
592_#83,0
592_#84,0
592_#85,0
592_#86,0
592_#87,0
592_#88,0
592_#89,0
592_#90,0
592_#91,0
592_#92,0
592_#93,0
592_#94,0
592_#95,0
592_#96,0
592_#97,0
592_#98,0
592_#99,0
592_#100,0
558_#1,0
558_#2,0
558_#3,0
558_#4,0
558_#5,0
558_#6,0
558_#7,0
558_#8,0
558_#9,0
558_#10,0
558_#11,0
558_#12,0
558_#13,0
558_#14,0
558_#15,0
558_#16,0
558_#17,0
558_#18,0
558_#19,0
558_#20,0
558_#21,0
558_#22,0
558_#23,0
558_#24,0
558_#25,0
558_#26,0
558_#27,0
558_#28,0
558_#29,0
558_#30,0
558_#31,0
558_#32,0
558_#33,0
558_#34,0
558_#35,0
558_#36,0
558_#37,0
558_#38,0
558_#39,0
558_#40,0
558_#41,0
558_#42,0
558_#43,0
558_#44,0
558_#45,0
558_#46,0
558_#47,0
558_#48,0
558_#49,0
558_#50,0
558_#51,0
558_#52,0
558_#53,0
558_#54,0
558_#55,0
558_#56,0
558_#57,0
558_#58,0
558_#59,0
558_#60,0
558_#61,0
558_#62,0
558_#63,0
558_#64,0
558_#65,0
558_#66,0
558_#67,0
558_#68,0
558_#69,0
558_#70,0
558_#71,0
558_#72,0
558_#73,0
558_#74,0
558_#75,0
558_#76,0
558_#77,0
558_#78,0
558_#79,0
558_#80,0
558_#81,0
558_#82,0
558_#83,0
558_#84,0
558_#85,0
558_#86,0
558_#87,0
558_#88,0
558_#89,0
558_#90,0
558_#91,0
558_#92,0
558_#93,0
558_#94,0
558_#95,0
558_#96,0
558_#97,0
558_#98,0
558_#99,0
558_#100,0
230_#1,0
230_#2,0
230_#3,0
230_#4,0
230_#5,0
230_#6,0
230_#7,0
230_#8,0
230_#9,0
230_#10,0
230_#11,0
230_#12,0
230_#13,0
230_#14,0
230_#15,0
230_#16,0
230_#17,0
230_#18,0
230_#19,0
230_#20,0
230_#21,0
230_#22,0
230_#23,0
230_#24,0
230_#25,0
230_#26,0
230_#27,0
230_#28,0
230_#29,0
230_#30,0
230_#31,0
230_#32,0
230_#33,0
230_#34,0
230_#35,0
230_#36,0
230_#37,0
230_#38,0
230_#39,0
230_#40,0
230_#41,0
230_#42,0
230_#43,0
230_#44,0
230_#45,0
230_#46,0
230_#47,0
230_#48,0
230_#49,0
230_#50,0
230_#51,0
230_#52,0
230_#53,0
230_#54,0
230_#55,0
230_#56,0
230_#57,0
230_#58,0
230_#59,0
230_#60,0
230_#61,0
230_#62,0
230_#63,0
230_#64,0
230_#65,0
230_#66,0
230_#67,0
230_#68,0
230_#69,0
230_#70,0
230_#71,0
230_#72,0
230_#73,0
230_#74,0
230_#75,0
230_#76,0
230_#77,0
230_#78,0
230_#79,0
230_#80,0
230_#81,0
230_#82,0
230_#83,0
230_#84,0
230_#85,0
230_#86,0
230_#87,0
230_#88,0
230_#89,0
230_#90,0
230_#91,0
230_#92,0
230_#93,0
230_#94,0
230_#95,0
230_#96,0
230_#97,0
230_#98,0
230_#99,0
230_#100,0
228_#1,0
228_#2,0
228_#3,0
228_#4,0
228_#5,0
228_#6,0
228_#7,0
228_#8,0
228_#9,0
228_#10,0
228_#11,0
228_#12,0
228_#13,0
228_#14,0
228_#15,0
228_#16,0
228_#17,0
228_#18,0
228_#19,0
228_#20,0
228_#21,0
228_#22,0
228_#23,0
228_#24,0
228_#25,0
228_#26,0
228_#27,0
228_#28,0
228_#29,0
228_#30,0
228_#31,0
228_#32,0
228_#33,0
228_#34,0
228_#35,0
228_#36,0
228_#37,0
228_#38,0
228_#39,0
228_#40,0
228_#41,0
228_#42,0
228_#43,0
228_#44,0
228_#45,0
228_#46,0
228_#47,0
228_#48,0
228_#49,0
228_#50,0
228_#51,0
228_#52,0
228_#53,0
228_#54,0
228_#55,0
228_#56,0
228_#57,0
228_#58,0
228_#59,0
228_#60,0
228_#61,0
228_#62,0
228_#63,0
228_#64,0
228_#65,0
228_#66,0
228_#67,0
228_#68,0
228_#69,0
228_#70,0
228_#71,0
228_#72,0
228_#73,0
228_#74,0
228_#75,0
228_#76,0
228_#77,0
228_#78,0
228_#79,0
228_#80,0
228_#81,0
228_#82,0
228_#83,0
228_#84,0
228_#85,0
228_#86,0
228_#87,0
228_#88,0
228_#89,0
228_#90,0
228_#91,0
228_#92,0
228_#93,0
228_#94,0
228_#95,0
228_#96,0
228_#97,0
228_#98,0
228_#99,0
228_#100,0
662_#1,0
662_#2,0
662_#3,0
662_#4,0
662_#5,0
662_#6,0
662_#7,0
662_#8,0
662_#9,0
662_#10,0
662_#11,0
662_#12,0
662_#13,0
662_#14,0
662_#15,0
662_#16,0
662_#17,0
662_#18,0
662_#19,0
662_#20,0
662_#21,0
662_#22,0
662_#23,0
662_#24,0
662_#25,0
662_#26,0
662_#27,0
662_#28,0
662_#29,0
662_#30,0
662_#31,0
662_#32,0
662_#33,0
662_#34,0
662_#35,0
662_#36,0
662_#37,0
662_#38,0
662_#39,0
662_#40,0
662_#41,0
662_#42,0
662_#43,0
662_#44,0
662_#45,0
662_#46,0
662_#47,0
662_#48,0
662_#49,0
662_#50,0
662_#51,0
662_#52,0
662_#53,0
662_#54,0
662_#55,0
662_#56,0
662_#57,0
662_#58,0
662_#59,0
662_#60,0
662_#61,0
662_#62,0
662_#63,0
662_#64,0
662_#65,0
662_#66,0
662_#67,0
662_#68,0
662_#69,0
662_#70,0
662_#71,0
662_#72,0
662_#73,0
662_#74,0
662_#75,0
662_#76,0
662_#77,0
662_#78,0
662_#79,0
662_#80,0
662_#81,0
662_#82,0
662_#83,0
662_#84,0
662_#85,0
662_#86,0
662_#87,0
662_#88,0
662_#89,0
662_#90,0
662_#91,0
662_#92,0
662_#93,0
662_#94,0
662_#95,0
662_#96,0
662_#97,0
662_#98,0
662_#99,0
662_#100,0
645_#1,0
645_#2,0
645_#3,0
645_#4,0
645_#5,0
645_#6,0
645_#7,0
645_#8,0
645_#9,0
645_#10,0
645_#11,0
645_#12,0
645_#13,0
645_#14,0
645_#15,0
645_#16,0
645_#17,0
645_#18,0
645_#19,0
645_#20,0
645_#21,0
645_#22,0
645_#23,0
645_#24,0
645_#25,0
645_#26,0
645_#27,0
645_#28,0
645_#29,0
645_#30,0
645_#31,0
645_#32,0
645_#33,0
645_#34,0
645_#35,0
645_#36,0
645_#37,0
645_#38,0
645_#39,0
645_#40,0
645_#41,0
645_#42,0
645_#43,0
645_#44,0
645_#45,0
645_#46,0
645_#47,0
645_#48,0
645_#49,0
645_#50,0
645_#51,0
645_#52,0
645_#53,0
645_#54,0
645_#55,0
645_#56,0
645_#57,0
645_#58,0
645_#59,0
645_#60,0
645_#61,0
645_#62,0
645_#63,0
645_#64,0
645_#65,0
645_#66,0
645_#67,0
645_#68,0
645_#69,0
645_#70,0
645_#71,0
645_#72,0
645_#73,0
645_#74,0
645_#75,0
645_#76,0
645_#77,0
645_#78,0
645_#79,0
645_#80,0
645_#81,0
645_#82,0
645_#83,0
645_#84,0
645_#85,0
645_#86,0
645_#87,0
645_#88,0
645_#89,0
645_#90,0
645_#91,0
645_#92,0
645_#93,0
645_#94,0
645_#95,0
645_#96,0
645_#97,0
645_#98,0
645_#99,0
645_#100,0
445_#1,0
445_#2,0
445_#3,0
445_#4,0
445_#5,0
445_#6,0
445_#7,0
445_#8,0
445_#9,0
445_#10,0
445_#11,0
445_#12,0
445_#13,0
445_#14,0
445_#15,0
445_#16,0
445_#17,0
445_#18,0
445_#19,0
445_#20,0
445_#21,0
445_#22,0
445_#23,0
445_#24,0
445_#25,0
445_#26,0
445_#27,0
445_#28,0
445_#29,0
445_#30,0
445_#31,0
445_#32,0
445_#33,0
445_#34,0
445_#35,0
445_#36,0
445_#37,0
445_#38,0
445_#39,0
445_#40,0
445_#41,0
445_#42,0
445_#43,0
445_#44,0
445_#45,0
445_#46,0
445_#47,0
445_#48,0
445_#49,0
445_#50,0
445_#51,0
445_#52,0
445_#53,0
445_#54,0
445_#55,0
445_#56,0
445_#57,0
445_#58,0
445_#59,0
445_#60,0
445_#61,0
445_#62,0
445_#63,0
445_#64,0
445_#65,0
445_#66,0
445_#67,0
445_#68,0
445_#69,0
445_#70,0
445_#71,0
445_#72,0
445_#73,0
445_#74,0
445_#75,0
445_#76,0
445_#77,0
445_#78,0
445_#79,0
445_#80,0
445_#81,0
445_#82,0
445_#83,0
445_#84,0
445_#85,0
445_#86,0
445_#87,0
445_#88,0
445_#89,0
445_#90,0
445_#91,0
445_#92,0
445_#93,0
445_#94,0
445_#95,0
445_#96,0
445_#97,0
445_#98,0
445_#99,0
445_#100,0
859_#1,0
859_#2,0
859_#3,0
859_#4,0
859_#5,0
859_#6,0
859_#7,0
859_#8,0
859_#9,0
859_#10,0
859_#11,0
859_#12,0
859_#13,0
859_#14,0
859_#15,0
859_#16,0
859_#17,0
859_#18,0
859_#19,0
859_#20,0
859_#21,0
859_#22,0
859_#23,0
859_#24,0
859_#25,0
859_#26,0
859_#27,0
859_#28,0
859_#29,0
859_#30,0
859_#31,0
859_#32,0
859_#33,0
859_#34,0
859_#35,0
859_#36,0
859_#37,0
859_#38,0
859_#39,0
859_#40,0
859_#41,0
859_#42,0
859_#43,0
859_#44,0
859_#45,0
859_#46,0
859_#47,0
859_#48,0
859_#49,0
859_#50,0
859_#51,0
859_#52,0
859_#53,0
859_#54,0
859_#55,0
859_#56,0
859_#57,0
859_#58,0
859_#59,0
859_#60,0
859_#61,0
859_#62,0
859_#63,0
859_#64,0
859_#65,0
859_#66,0
859_#67,0
859_#68,0
859_#69,0
859_#70,0
859_#71,0
859_#72,0
859_#73,0
859_#74,0
859_#75,0
859_#76,0
859_#77,0
859_#78,0
859_#79,0
859_#80,0
859_#81,0
859_#82,0
859_#83,0
859_#84,0
859_#85,0
859_#86,0
859_#87,0
859_#88,0
859_#89,0
859_#90,0
859_#91,0
859_#92,0
859_#93,0
859_#94,0
859_#95,0
859_#96,0
859_#97,0
859_#98,0
859_#99,0
859_#100,0
958_#1,0
958_#2,0
958_#3,0
958_#4,0
958_#5,0
958_#6,0
958_#7,0
958_#8,0
958_#9,0
958_#10,0
958_#11,0
958_#12,0
958_#13,0
958_#14,0
958_#15,0
958_#16,0
958_#17,0
958_#18,0
958_#19,0
958_#20,0
958_#21,0
958_#22,0
958_#23,0
958_#24,0
958_#25,0
958_#26,0
958_#27,0
958_#28,0
958_#29,0
958_#30,0
958_#31,0
958_#32,0
958_#33,0
958_#34,0
958_#35,0
958_#36,0
958_#37,0
958_#38,0
958_#39,0
958_#40,0
958_#41,0
958_#42,0
958_#43,0
958_#44,0
958_#45,0
958_#46,0
958_#47,0
958_#48,0
958_#49,0
958_#50,0
958_#51,0
958_#52,0
958_#53,0
958_#54,0
958_#55,0
958_#56,0
958_#57,0
958_#58,0
958_#59,0
958_#60,0
958_#61,0
958_#62,0
958_#63,0
958_#64,0
958_#65,0
958_#66,0
958_#67,0
958_#68,0
958_#69,0
958_#70,0
958_#71,0
958_#72,0
958_#73,0
958_#74,0
958_#75,0
958_#76,0
958_#77,0
958_#78,0
958_#79,0
958_#80,0
958_#81,0
958_#82,0
958_#83,0
958_#84,0
958_#85,0
958_#86,0
958_#87,0
958_#88,0
958_#89,0
958_#90,0
958_#91,0
958_#92,0
958_#93,0
958_#94,0
958_#95,0
958_#96,0
958_#97,0
958_#98,0
958_#99,0
958_#100,0
143_#1,0
143_#2,0
143_#3,0
143_#4,0
143_#5,0
143_#6,0
143_#7,0
143_#8,0
143_#9,0
143_#10,0
143_#11,0
143_#12,0
143_#13,0
143_#14,0
143_#15,0
143_#16,0
143_#17,0
143_#18,0
143_#19,0
143_#20,0
143_#21,0
143_#22,0
143_#23,0
143_#24,0
143_#25,0
143_#26,0
143_#27,0
143_#28,0
143_#29,0
143_#30,0
143_#31,0
143_#32,0
143_#33,0
143_#34,0
143_#35,0
143_#36,0
143_#37,0
143_#38,0
143_#39,0
143_#40,0
143_#41,0
143_#42,0
143_#43,0
143_#44,0
143_#45,0
143_#46,0
143_#47,0
143_#48,0
143_#49,0
143_#50,0
143_#51,0
143_#52,0
143_#53,0
143_#54,0
143_#55,0
143_#56,0
143_#57,0
143_#58,0
143_#59,0
143_#60,0
143_#61,0
143_#62,0
143_#63,0
143_#64,0
143_#65,0
143_#66,0
143_#67,0
143_#68,0
143_#69,0
143_#70,0
143_#71,0
143_#72,0
143_#73,0
143_#74,0
143_#75,0
143_#76,0
143_#77,0
143_#78,0
143_#79,0
143_#80,0
143_#81,0
143_#82,0
143_#83,0
143_#84,0
143_#85,0
143_#86,0
143_#87,0
143_#88,0
143_#89,0
143_#90,0
143_#91,0
143_#92,0
143_#93,0
143_#94,0
143_#95,0
143_#96,0
143_#97,0
143_#98,0
143_#99,0
143_#100,0
614_#1,0
614_#2,0
614_#3,0
614_#4,0
614_#5,0
614_#6,0
614_#7,0
614_#8,0
614_#9,0
614_#10,0
614_#11,0
614_#12,0
614_#13,0
614_#14,0
614_#15,0
614_#16,0
614_#17,0
614_#18,0
614_#19,0
614_#20,0
614_#21,0
614_#22,0
614_#23,0
614_#24,0
614_#25,0
614_#26,0
614_#27,0
614_#28,0
614_#29,0
614_#30,0
614_#31,0
614_#32,0
614_#33,0
614_#34,0
614_#35,0
614_#36,0
614_#37,0
614_#38,0
614_#39,0
614_#40,0
614_#41,0
614_#42,0
614_#43,0
614_#44,0
614_#45,0
614_#46,0
614_#47,0
614_#48,0
614_#49,0
614_#50,0
614_#51,0
614_#52,0
614_#53,0
614_#54,0
614_#55,0
614_#56,0
614_#57,0
614_#58,0
614_#59,0
614_#60,0
614_#61,0
614_#62,0
614_#63,0
614_#64,0
614_#65,0
614_#66,0
614_#67,0
614_#68,0
614_#69,0
614_#70,0
614_#71,0
614_#72,0
614_#73,0
614_#74,0
614_#75,0
614_#76,0
614_#77,0
614_#78,0
614_#79,0
614_#80,0
614_#81,0
614_#82,0
614_#83,0
614_#84,0
614_#85,0
614_#86,0
614_#87,0
614_#88,0
614_#89,0
614_#90,0
614_#91,0
614_#92,0
614_#93,0
614_#94,0
614_#95,0
614_#96,0
614_#97,0
614_#98,0
614_#99,0
614_#100,0
405_#1,0
405_#2,0
405_#3,0
405_#4,0
405_#5,0
405_#6,0
405_#7,0
405_#8,0
405_#9,0
405_#10,0
405_#11,0
405_#12,0
405_#13,0
405_#14,0
405_#15,0
405_#16,0
405_#17,0
405_#18,0
405_#19,0
405_#20,0
405_#21,0
405_#22,0
405_#23,0
405_#24,0
405_#25,0
405_#26,0
405_#27,0
405_#28,0
405_#29,0
405_#30,0
405_#31,0
405_#32,0
405_#33,0
405_#34,0
405_#35,0
405_#36,0
405_#37,0
405_#38,0
405_#39,0
405_#40,0
405_#41,0
405_#42,0
405_#43,0
405_#44,0
405_#45,0
405_#46,0
405_#47,0
405_#48,0
405_#49,0
405_#50,0
405_#51,0
405_#52,0
405_#53,0
405_#54,0
405_#55,0
405_#56,0
405_#57,0
405_#58,0
405_#59,0
405_#60,0
405_#61,0
405_#62,0
405_#63,0
405_#64,0
405_#65,0
405_#66,0
405_#67,0
405_#68,0
405_#69,0
405_#70,0
405_#71,0
405_#72,0
405_#73,0
405_#74,0
405_#75,0
405_#76,0
405_#77,0
405_#78,0
405_#79,0
405_#80,0
405_#81,0
405_#82,0
405_#83,0
405_#84,0
405_#85,0
405_#86,0
405_#87,0
405_#88,0
405_#89,0
405_#90,0
405_#91,0
405_#92,0
405_#93,0
405_#94,0
405_#95,0
405_#96,0
405_#97,0
405_#98,0
405_#99,0
405_#100,0
416_#1,0
416_#2,0
416_#3,0
416_#4,0
416_#5,0
416_#6,0
416_#7,0
416_#8,0
416_#9,0
416_#10,0
416_#11,0
416_#12,0
416_#13,0
416_#14,0
416_#15,0
416_#16,0
416_#17,0
416_#18,0
416_#19,0
416_#20,0
416_#21,0
416_#22,0
416_#23,0
416_#24,0
416_#25,0
416_#26,0
416_#27,0
416_#28,0
416_#29,0
416_#30,0
416_#31,0
416_#32,0
416_#33,0
416_#34,0
416_#35,0
416_#36,0
416_#37,0
416_#38,0
416_#39,0
416_#40,0
416_#41,0
416_#42,0
416_#43,0
416_#44,0
416_#45,0
416_#46,0
416_#47,0
416_#48,0
416_#49,0
416_#50,0
416_#51,0
416_#52,0
416_#53,0
416_#54,0
416_#55,0
416_#56,0
416_#57,0
416_#58,0
416_#59,0
416_#60,0
416_#61,0
416_#62,0
416_#63,0
416_#64,0
416_#65,0
416_#66,0
416_#67,0
416_#68,0
416_#69,0
416_#70,0
416_#71,0
416_#72,0
416_#73,0
416_#74,0
416_#75,0
416_#76,0
416_#77,0
416_#78,0
416_#79,0
416_#80,0
416_#81,0
416_#82,0
416_#83,0
416_#84,0
416_#85,0
416_#86,0
416_#87,0
416_#88,0
416_#89,0
416_#90,0
416_#91,0
416_#92,0
416_#93,0
416_#94,0
416_#95,0
416_#96,0
416_#97,0
416_#98,0
416_#99,0
416_#100,0
433_#1,0
433_#2,0
433_#3,0
433_#4,0
433_#5,0
433_#6,0
433_#7,0
433_#8,0
433_#9,0
433_#10,0
433_#11,0
433_#12,0
433_#13,0
433_#14,0
433_#15,0
433_#16,0
433_#17,0
433_#18,0
433_#19,0
433_#20,0
433_#21,0
433_#22,0
433_#23,0
433_#24,0
433_#25,0
433_#26,0
433_#27,0
433_#28,0
433_#29,0
433_#30,0
433_#31,0
433_#32,0
433_#33,0
433_#34,0
433_#35,0
433_#36,0
433_#37,0
433_#38,0
433_#39,0
433_#40,0
433_#41,0
433_#42,0
433_#43,0
433_#44,0
433_#45,0
433_#46,0
433_#47,0
433_#48,0
433_#49,0
433_#50,0
433_#51,0
433_#52,0
433_#53,0
433_#54,0
433_#55,0
433_#56,0
433_#57,0
433_#58,0
433_#59,0
433_#60,0
433_#61,0
433_#62,0
433_#63,0
433_#64,0
433_#65,0
433_#66,0
433_#67,0
433_#68,0
433_#69,0
433_#70,0
433_#71,0
433_#72,0
433_#73,0
433_#74,0
433_#75,0
433_#76,0
433_#77,0
433_#78,0
433_#79,0
433_#80,0
433_#81,0
433_#82,0
433_#83,0
433_#84,0
433_#85,0
433_#86,0
433_#87,0
433_#88,0
433_#89,0
433_#90,0
433_#91,0
433_#92,0
433_#93,0
433_#94,0
433_#95,0
433_#96,0
433_#97,0
433_#98,0
433_#99,0
433_#100,0
436_#1,0
436_#2,0
436_#3,0
436_#4,0
436_#5,0
436_#6,0
436_#7,0
436_#8,0
436_#9,0
436_#10,0
436_#11,0
436_#12,0
436_#13,0
436_#14,0
436_#15,0
436_#16,0
436_#17,0
436_#18,0
436_#19,0
436_#20,0
436_#21,0
436_#22,0
436_#23,0
436_#24,0
436_#25,0
436_#26,0
436_#27,0
436_#28,0
436_#29,0
436_#30,0
436_#31,0
436_#32,0
436_#33,0
436_#34,0
436_#35,0
436_#36,0
436_#37,0
436_#38,0
436_#39,0
436_#40,0
436_#41,0
436_#42,0
436_#43,0
436_#44,0
436_#45,0
436_#46,0
436_#47,0
436_#48,0
436_#49,0
436_#50,0
436_#51,0
436_#52,0
436_#53,0
436_#54,0
436_#55,0
436_#56,0
436_#57,0
436_#58,0
436_#59,0
436_#60,0
436_#61,0
436_#62,0
436_#63,0
436_#64,0
436_#65,0
436_#66,0
436_#67,0
436_#68,0
436_#69,0
436_#70,0
436_#71,0
436_#72,0
436_#73,0
436_#74,0
436_#75,0
436_#76,0
436_#77,0
436_#78,0
436_#79,0
436_#80,0
436_#81,0
436_#82,0
436_#83,0
436_#84,0
436_#85,0
436_#86,0
436_#87,0
436_#88,0
436_#89,0
436_#90,0
436_#91,0
436_#92,0
436_#93,0
436_#94,0
436_#95,0
436_#96,0
436_#97,0
436_#98,0
436_#99,0
436_#100,0
914_#1,0
914_#2,0
914_#3,0
914_#4,0
914_#5,0
914_#6,0
914_#7,0
914_#8,0
914_#9,0
914_#10,0
914_#11,0
914_#12,0
914_#13,0
914_#14,0
914_#15,0
914_#16,0
914_#17,0
914_#18,0
914_#19,0
914_#20,0
914_#21,0
914_#22,0
914_#23,0
914_#24,0
914_#25,0
914_#26,0
914_#27,0
914_#28,0
914_#29,0
914_#30,0
914_#31,0
914_#32,0
914_#33,0
914_#34,0
914_#35,0
914_#36,0
914_#37,0
914_#38,0
914_#39,0
914_#40,0
914_#41,0
914_#42,0
914_#43,0
914_#44,0
914_#45,0
914_#46,0
914_#47,0
914_#48,0
914_#49,0
914_#50,0
914_#51,0
914_#52,0
914_#53,0
914_#54,0
914_#55,0
914_#56,0
914_#57,0
914_#58,0
914_#59,0
914_#60,0
914_#61,0
914_#62,0
914_#63,0
914_#64,0
914_#65,0
914_#66,0
914_#67,0
914_#68,0
914_#69,0
914_#70,0
914_#71,0
914_#72,0
914_#73,0
914_#74,0
914_#75,0
914_#76,0
914_#77,0
914_#78,0
914_#79,0
914_#80,0
914_#81,0
914_#82,0
914_#83,0
914_#84,0
914_#85,0
914_#86,0
914_#87,0
914_#88,0
914_#89,0
914_#90,0
914_#91,0
914_#92,0
914_#93,0
914_#94,0
914_#95,0
914_#96,0
914_#97,0
914_#98,0
914_#99,0
914_#100,0
003_#1,0
003_#2,0
003_#3,0
003_#4,0
003_#5,0
003_#6,0
003_#7,0
003_#8,0
003_#9,0
003_#10,0
003_#11,0
003_#12,0
003_#13,0
003_#14,0
003_#15,0
003_#16,0
003_#17,0
003_#18,0
003_#19,0
003_#20,0
003_#21,0
003_#22,0
003_#23,0
003_#24,0
003_#25,0
003_#26,0
003_#27,0
003_#28,0
003_#29,0
003_#30,0
003_#31,0
003_#32,0
003_#33,0
003_#34,0
003_#35,0
003_#36,0
003_#37,0
003_#38,0
003_#39,0
003_#40,0
003_#41,0
003_#42,0
003_#43,0
003_#44,0
003_#45,0
003_#46,0
003_#47,0
003_#48,0
003_#49,0
003_#50,0
003_#51,0
003_#52,0
003_#53,0
003_#54,0
003_#55,0
003_#56,0
003_#57,0
003_#58,0
003_#59,0
003_#60,0
003_#61,0
003_#62,0
003_#63,0
003_#64,0
003_#65,0
003_#66,0
003_#67,0
003_#68,0
003_#69,0
003_#70,0
003_#71,0
003_#72,0
003_#73,0
003_#74,0
003_#75,0
003_#76,0
003_#77,0
003_#78,0
003_#79,0
003_#80,0
003_#81,0
003_#82,0
003_#83,0
003_#84,0
003_#85,0
003_#86,0
003_#87,0
003_#88,0
003_#89,0
003_#90,0
003_#91,0
003_#92,0
003_#93,0
003_#94,0
003_#95,0
003_#96,0
003_#97,0
003_#98,0
003_#99,0
003_#100,0
367_#1,0
367_#2,0
367_#3,0
367_#4,0
367_#5,0
367_#6,0
367_#7,0
367_#8,0
367_#9,0
367_#10,0
367_#11,0
367_#12,0
367_#13,0
367_#14,0
367_#15,0
367_#16,0
367_#17,0
367_#18,0
367_#19,0
367_#20,0
367_#21,0
367_#22,0
367_#23,0
367_#24,0
367_#25,0
367_#26,0
367_#27,0
367_#28,0
367_#29,0
367_#30,0
367_#31,0
367_#32,0
367_#33,0
367_#34,0
367_#35,0
367_#36,0
367_#37,0
367_#38,0
367_#39,0
367_#40,0
367_#41,0
367_#42,0
367_#43,0
367_#44,0
367_#45,0
367_#46,0
367_#47,0
367_#48,0
367_#49,0
367_#50,0
367_#51,0
367_#52,0
367_#53,0
367_#54,0
367_#55,0
367_#56,0
367_#57,0
367_#58,0
367_#59,0
367_#60,0
367_#61,0
367_#62,0
367_#63,0
367_#64,0
367_#65,0
367_#66,0
367_#67,0
367_#68,0
367_#69,0
367_#70,0
367_#71,0
367_#72,0
367_#73,0
367_#74,0
367_#75,0
367_#76,0
367_#77,0
367_#78,0
367_#79,0
367_#80,0
367_#81,0
367_#82,0
367_#83,0
367_#84,0
367_#85,0
367_#86,0
367_#87,0
367_#88,0
367_#89,0
367_#90,0
367_#91,0
367_#92,0
367_#93,0
367_#94,0
367_#95,0
367_#96,0
367_#97,0
367_#98,0
367_#99,0
367_#100,0
135_#1,0
135_#2,0
135_#3,0
135_#4,0
135_#5,0
135_#6,0
135_#7,0
135_#8,0
135_#9,0
135_#10,0
135_#11,0
135_#12,0
135_#13,0
135_#14,0
135_#15,0
135_#16,0
135_#17,0
135_#18,0
135_#19,0
135_#20,0
135_#21,0
135_#22,0
135_#23,0
135_#24,0
135_#25,0
135_#26,0
135_#27,0
135_#28,0
135_#29,0
135_#30,0
135_#31,0
135_#32,0
135_#33,0
135_#34,0
135_#35,0
135_#36,0
135_#37,0
135_#38,0
135_#39,0
135_#40,0
135_#41,0
135_#42,0
135_#43,0
135_#44,0
135_#45,0
135_#46,0
135_#47,0
135_#48,0
135_#49,0
135_#50,0
135_#51,0
135_#52,0
135_#53,0
135_#54,0
135_#55,0
135_#56,0
135_#57,0
135_#58,0
135_#59,0
135_#60,0
135_#61,0
135_#62,0
135_#63,0
135_#64,0
135_#65,0
135_#66,0
135_#67,0
135_#68,0
135_#69,0
135_#70,0
135_#71,0
135_#72,0
135_#73,0
135_#74,0
135_#75,0
135_#76,0
135_#77,0
135_#78,0
135_#79,0
135_#80,0
135_#81,0
135_#82,0
135_#83,0
135_#84,0
135_#85,0
135_#86,0
135_#87,0
135_#88,0
135_#89,0
135_#90,0
135_#91,0
135_#92,0
135_#93,0
135_#94,0
135_#95,0
135_#96,0
135_#97,0
135_#98,0
135_#99,0
135_#100,0
546_#1,0
546_#2,0
546_#3,0
546_#4,0
546_#5,0
546_#6,0
546_#7,0
546_#8,0
546_#9,0
546_#10,0
546_#11,0
546_#12,0
546_#13,0
546_#14,0
546_#15,0
546_#16,0
546_#17,0
546_#18,0
546_#19,0
546_#20,0
546_#21,0
546_#22,0
546_#23,0
546_#24,0
546_#25,0
546_#26,0
546_#27,0
546_#28,0
546_#29,0
546_#30,0
546_#31,0
546_#32,0
546_#33,0
546_#34,0
546_#35,0
546_#36,0
546_#37,0
546_#38,0
546_#39,0
546_#40,0
546_#41,0
546_#42,0
546_#43,0
546_#44,0
546_#45,0
546_#46,0
546_#47,0
546_#48,0
546_#49,0
546_#50,0
546_#51,0
546_#52,0
546_#53,0
546_#54,0
546_#55,0
546_#56,0
546_#57,0
546_#58,0
546_#59,0
546_#60,0
546_#61,0
546_#62,0
546_#63,0
546_#64,0
546_#65,0
546_#66,0
546_#67,0
546_#68,0
546_#69,0
546_#70,0
546_#71,0
546_#72,0
546_#73,0
546_#74,0
546_#75,0
546_#76,0
546_#77,0
546_#78,0
546_#79,0
546_#80,0
546_#81,0
546_#82,0
546_#83,0
546_#84,0
546_#85,0
546_#86,0
546_#87,0
546_#88,0
546_#89,0
546_#90,0
546_#91,0
546_#92,0
546_#93,0
546_#94,0
546_#95,0
546_#96,0
546_#97,0
546_#98,0
546_#99,0
546_#100,0
213_#1,0
213_#2,0
213_#3,0
213_#4,0
213_#5,0
213_#6,0
213_#7,0
213_#8,0
213_#9,0
213_#10,0
213_#11,0
213_#12,0
213_#13,0
213_#14,0
213_#15,0
213_#16,0
213_#17,0
213_#18,0
213_#19,0
213_#20,0
213_#21,0
213_#22,0
213_#23,0
213_#24,0
213_#25,0
213_#26,0
213_#27,0
213_#28,0
213_#29,0
213_#30,0
213_#31,0
213_#32,0
213_#33,0
213_#34,0
213_#35,0
213_#36,0
213_#37,0
213_#38,0
213_#39,0
213_#40,0
213_#41,0
213_#42,0
213_#43,0
213_#44,0
213_#45,0
213_#46,0
213_#47,0
213_#48,0
213_#49,0
213_#50,0
213_#51,0
213_#52,0
213_#53,0
213_#54,0
213_#55,0
213_#56,0
213_#57,0
213_#58,0
213_#59,0
213_#60,0
213_#61,0
213_#62,0
213_#63,0
213_#64,0
213_#65,0
213_#66,0
213_#67,0
213_#68,0
213_#69,0
213_#70,0
213_#71,0
213_#72,0
213_#73,0
213_#74,0
213_#75,0
213_#76,0
213_#77,0
213_#78,0
213_#79,0
213_#80,0
213_#81,0
213_#82,0
213_#83,0
213_#84,0
213_#85,0
213_#86,0
213_#87,0
213_#88,0
213_#89,0
213_#90,0
213_#91,0
213_#92,0
213_#93,0
213_#94,0
213_#95,0
213_#96,0
213_#97,0
213_#98,0
213_#99,0
213_#100,0
374_#1,0
374_#2,0
374_#3,0
374_#4,0
374_#5,0
374_#6,0
374_#7,0
374_#8,0
374_#9,0
374_#10,0
374_#11,0
374_#12,0
374_#13,0
374_#14,0
374_#15,0
374_#16,0
374_#17,0
374_#18,0
374_#19,0
374_#20,0
374_#21,0
374_#22,0
374_#23,0
374_#24,0
374_#25,0
374_#26,0
374_#27,0
374_#28,0
374_#29,0
374_#30,0
374_#31,0
374_#32,0
374_#33,0
374_#34,0
374_#35,0
374_#36,0
374_#37,0
374_#38,0
374_#39,0
374_#40,0
374_#41,0
374_#42,0
374_#43,0
374_#44,0
374_#45,0
374_#46,0
374_#47,0
374_#48,0
374_#49,0
374_#50,0
374_#51,0
374_#52,0
374_#53,0
374_#54,0
374_#55,0
374_#56,0
374_#57,0
374_#58,0
374_#59,0
374_#60,0
374_#61,0
374_#62,0
374_#63,0
374_#64,0
374_#65,0
374_#66,0
374_#67,0
374_#68,0
374_#69,0
374_#70,0
374_#71,0
374_#72,0
374_#73,0
374_#74,0
374_#75,0
374_#76,0
374_#77,0
374_#78,0
374_#79,0
374_#80,0
374_#81,0
374_#82,0
374_#83,0
374_#84,0
374_#85,0
374_#86,0
374_#87,0
374_#88,0
374_#89,0
374_#90,0
374_#91,0
374_#92,0
374_#93,0
374_#94,0
374_#95,0
374_#96,0
374_#97,0
374_#98,0
374_#99,0
374_#100,0
559_#1,0
559_#2,0
559_#3,0
559_#4,0
559_#5,0
559_#6,0
559_#7,0
559_#8,0
559_#9,0
559_#10,0
559_#11,0
559_#12,0
559_#13,0
559_#14,0
559_#15,0
559_#16,0
559_#17,0
559_#18,0
559_#19,0
559_#20,0
559_#21,0
559_#22,0
559_#23,0
559_#24,0
559_#25,0
559_#26,0
559_#27,0
559_#28,0
559_#29,0
559_#30,0
559_#31,0
559_#32,0
559_#33,0
559_#34,0
559_#35,0
559_#36,0
559_#37,0
559_#38,0
559_#39,0
559_#40,0
559_#41,0
559_#42,0
559_#43,0
559_#44,0
559_#45,0
559_#46,0
559_#47,0
559_#48,0
559_#49,0
559_#50,0
559_#51,0
559_#52,0
559_#53,0
559_#54,0
559_#55,0
559_#56,0
559_#57,0
559_#58,0
559_#59,0
559_#60,0
559_#61,0
559_#62,0
559_#63,0
559_#64,0
559_#65,0
559_#66,0
559_#67,0
559_#68,0
559_#69,0
559_#70,0
559_#71,0
559_#72,0
559_#73,0
559_#74,0
559_#75,0
559_#76,0
559_#77,0
559_#78,0
559_#79,0
559_#80,0
559_#81,0
559_#82,0
559_#83,0
559_#84,0
559_#85,0
559_#86,0
559_#87,0
559_#88,0
559_#89,0
559_#90,0
559_#91,0
559_#92,0
559_#93,0
559_#94,0
559_#95,0
559_#96,0
559_#97,0
559_#98,0
559_#99,0
559_#100,0
